{"cameraMode":{"drawMode":0,"name":"Shaded","section":"Shading Mode"},"sceneLighting":true,"audioPlay":false,"sceneViewState":{"showFog":true,"showMaterialUpdate":true,"showSkybox":false,"showFlares":true,"showImageEffects":true,"showParticleSystems":true},"in2DMode":false,"pivot":{"x":20.8468017578125,"y":-6.496769905090332,"z":18.431673049926759},"rotation":{"x":-0.29291433095932009,"y":0.015214216895401478,"z":-0.004660933278501034,"w":-0.9560062885284424},"size":38.3412971496582,"orthographic":false}