{"cameraMode":{"drawMode":0,"name":"Shaded","section":"Shading Mode"},"sceneLighting":false,"audioPlay":false,"sceneViewState":{"showFog":false,"showMaterialUpdate":false,"showSkybox":false,"showFlares":false,"showImageEffects":false,"showParticleSystems":false},"in2DMode":false,"pivot":{"x":-1.3038362264633179,"y":-0.007303595542907715,"z":-1.796811580657959},"rotation":{"x":-0.04054791480302811,"y":0.9506776332855225,"z":-0.14106731116771699,"w":-0.27325439453125},"size":18.177759170532228,"orthographic":false}